{
  "schematics": [
    {
      "docType": 1,
      "title": "SHEET_01",
      "dataStr": {
        "head": {
          "docType": "1",
          "editorVersion": "6.5.38",
          "newgId": true,
          "c_para": {
            "Prefix Start": "1"
          },
          "c_spiceCmd": "null",
          "hasIdFlag": true,
          "uuid": "fc942d920e744f59a1282950f1cd974c",
          "x": "0",
          "y": "0",
          "portOfADImportHack": "",
          "importFlag": 0,
          "transformList": ""
        },
        "canvas": "CA~1000~1000~#FFFFFF~none~#CCCCCC~5~1000~1000~line~5~pixel~5~0~0",
        "shape": [
          "LIB~-10~-795~package`NONE`Manufacturer Part`?`spicePre`.`~~0~frame_lib_1~~~0~~yes~yes~~~#@$T~N~560.5~-798~0~#880000~Arial~~~~~comment~A~0~start~gge223~0~#@$PT~M 196 -785 L 196 -795 M 196 1 L 196 11 M 392 -785 L 392 -795 M 392 1 L 392 11 M 588 -785 L 588 -795 M 588 1 L 588 11 M 784 -785 L 784 -795 M 784 1 L 784 11 M 980 -785 L 980 -795 M 980 1 L 980 11 M 0 -589 L -10 -589 M 1129 -589 L 1139 -589 M 0 -393 L -10 -393 M 1129 -393 L 1139 -393 M 0 -197 L -10 -197 M 1129 -197 L 1139 -197 M 0 -1 L -10 -1 M 1129 -1 L 1139 -1~#880000~1~0~none~gge10~0~frame_tick#@$T~P~561.5~-807~0~#880000~Arial~~~~~comment~A~0~start~gge220~0~#@$T~L~-8.5~-687~0~#880000~~~~~~comment~A~1~start~gge13~0~frame_tick#@$T~L~1130.5~-687~0~#880000~~~~~~comment~A~1~start~gge19~0~frame_tick#@$T~L~-8.5~-491~0~#880000~~~~~~comment~B~1~start~gge25~0~frame_tick#@$T~L~1130.5~-491~0~#880000~~~~~~comment~B~1~start~gge31~0~frame_tick#@$T~L~-8.5~-295~0~#880000~~~~~~comment~C~1~start~gge37~0~frame_tick#@$T~L~1130.5~-295~0~#880000~~~~~~comment~C~1~start~gge43~0~frame_tick#@$T~L~-8.5~-99~0~#880000~~~~~~comment~D~1~start~gge49~0~frame_tick#@$T~L~1130.5~-99~0~#880000~~~~~~comment~D~1~start~gge55~0~frame_tick#@$T~L~98~-786.5~0~#880000~~~~~~comment~1~1~start~gge61~0~frame_tick#@$T~L~98~9.5~0~#880000~~~~~~comment~1~1~start~gge67~0~frame_tick#@$T~L~294~-786.5~0~#880000~~~~~~comment~2~1~start~gge73~0~frame_tick#@$T~L~294~9.5~0~#880000~~~~~~comment~2~1~start~gge79~0~frame_tick#@$T~L~490~-786.5~0~#880000~~~~~~comment~3~1~start~gge85~0~frame_tick#@$T~L~490~9.5~0~#880000~~~~~~comment~3~1~start~gge91~0~frame_tick#@$T~L~686~-786.5~0~#880000~~~~~~comment~4~1~start~gge97~0~frame_tick#@$T~L~686~9.5~0~#880000~~~~~~comment~4~1~start~gge103~0~frame_tick#@$T~L~882~-786.5~0~#880000~~~~~~comment~5~1~start~gge109~0~frame_tick#@$T~L~882~9.5~0~#880000~~~~~~comment~5~1~start~gge115~0~frame_tick#@$R~0~-785~~~1129~786~#880000~1~0~none~gge121~0~frame_innerbox#@$R~-10~-795~~~1149~806~#880000~1~0~none~gge124~0~frame_outbox#@$R~684.99995~-79~~~444~80~#880000~1~0~none~gge127~0~frame_hitarea#@$PL~685.1 -39.75 1128.63 -39.75~#880000~1~0~none~gge130~0#@$PL~789.63 -19.75 1128.63 -19.75~#880000~1~0~none~gge133~0#@$PL~1049.61 -78.93 1049.63 -39.75~#880000~1~0~none~gge136~0#@$PL~1049.63 -39.75 1049.63 -19.75~#880000~1~0~none~gge139~0#@$T~L~689.99995~-66~0~#880000~~8pt~~~~comment~TITLE:~1~start~gge142~0~pinpart#@$T~L~747.62495~-53.41~0~#880000~~10pt~~~~comment~AEMF-01~1~start~gge148~0~frame_title#@$T~L~1054.62495~-52.75~0~#880000~~8pt~~~~comment~REV:~1~start~gge154~0~pinpart#@$T~L~1092.62495~-52.75~0~#880000~~9pt~~~~comment~1.0~1~start~gge160~0~frame_version#@$T~L~794.62495~-4~0~#880000~~8pt~~~~comment~Date:~1~start~gge166~0~pinpart#@$T~L~841.62495~-3.52~0~#880000~~9pt~~~~comment~2023-11-03~1~start~gge172~0~frame_date#@$T~L~1053.62495~-24~0~#880000~~8pt~~~~comment~Sheet:~1~start~gge178~0~pinpart#@$T~L~1098.62495~-23.52~0~#880000~~9pt~~~~comment~1/1~1~start~gge184~0~frame_sheet#@$T~L~933.62495~-3.75~0~#880000~~8pt~~~~comment~Drawn By:~1~start~gge190~0~pinpart#@$T~L~794.62495~-25.75~0~#880000~~8pt~~~~comment~Company:~1~start~gge202~0~pinpart#@$T~L~861.24995~-25.64~0~#880000~~9pt~~~~comment~Paodelonga~1~start~gge208~0~frame_company#@$PL~789.63 -39.75 789.63 0.25~#880000~1~0~none~gge214~0",
          "LIB~415~-255~package`CONN-TH_4P-P4.97_GX16-4PIN`Contributor`lcsc`Supplier`LCSC`Supplier Part`C9900024079`Manufacturer`null`Manufacturer Part`GX16-4PIN-H24`JLCPCB Part Class`Extended Part`link`https://lcsc.com/eda_search?q=C9900024079&%26type=1&ref=editor`spicePre`P`spiceSymbolName`GX16-4PIN-H24`~270~0~ggedc35904b08ea0f76~8205fa0000134286979c367986493d35~f52be2c296ea4812962c49e5d690d1ae~0~~yes~yes~83494ac499984db28b3d56d15d5489e6~1658201973~ffd1a4114dee4752ae19f22e93094e7b#@$T~N~397.88~-217.5~0~#000080~Arial~5.5pt~~~~comment~GX16-4P_MALE~1~start~gge25013~0~#@$T~P~399.72~-227.5~0~#000080~Arial~5.5pt~~~~comment~CON2~1~start~gge27449~0~#@$R~400~-270~2~2~30~25~#880000~1~0~none~gge25025~0~#@$P~show~0~1~440~-250~0~gge25028~0^^440~-250^^M 440 -250 h -10~#880000^^1~426.3~-246~0~1~end~~~#0000FF^^0~430.5~-251~0~1~start~~~#0000FF^^0~433~-250^^0~M 430 -253 L 427 -250 L 430 -247#@$P~show~0~2~440~-265~0~gge25049~0^^440~-265^^M 440 -265 h -10~#880000^^1~426.3~-261~0~2~end~~~#0000FF^^0~430.5~-266~0~2~start~~~#0000FF^^0~433~-265^^0~M 430 -268 L 427 -265 L 430 -262#@$P~show~0~3~390~-265~180~gge25070~0^^390~-265^^M 390 -265 h 10~#880000^^1~403.7~-261~0~3~start~~~#0000FF^^0~399.5~-266~0~3~end~~~#0000FF^^0~397~-265^^0~M 400 -262 L 403 -265 L 400 -268#@$P~show~0~4~390~-250~180~gge25091~0^^390~-250^^M 390 -250 h 10~#880000^^1~403.7~-246~0~4~start~~~#0000FF^^0~399.5~-251~0~4~end~~~#0000FF^^0~397~-250^^0~M 400 -247 L 403 -250 L 400 -253#@$A~M 418.98 -245.0005 A 4 4 0 1 0 411.02 -245.0005~~#880000~1~0~none~gge25112~0",
          "LIB~515~-280~package`R0603`nameAlias`Value(Ω)`Supplier Part``Supplier``Contributor`LCEDA_Lib`spicePre`R`spiceSymbolName`R_0603_EU`Manufacturer Part``~90~0~gge80c839e73e63ec1a~398691f1f785460098bbe5ee6590333c~bb009484ef804a24ac5d18c54b249586~0~~yes~yes~~1586862199~#@$T~N~525.73~-277.5~0~#000080~Arial~5.5pt~~~~comment~10KΩ~1~start~gge26363~0~#@$T~P~525.31~-287.5~0~#000080~Arial~5.5pt~~~~comment~R3~1~start~gge26369~0~#@$R~510~-290~~~10~20~#880000~1~0~none~gge26375~0~#@$P~show~0~2~515~-300~90~gge26378~0^^515~-300^^M 515 -290 v -10~#880000^^0~515~-286~270~2~end~~~#0000FF^^0~511~-294~270~2~start~~~#0000FF^^0~515~-313^^0~M 512 -310 L 515 -307 L 518 -310#@$P~show~0~1~515~-260~270~gge26399~0^^515~-260^^M 515 -270 v 10~#880000^^0~515~-274~270~1~start~~~#0000FF^^0~511~-266~270~1~end~~~#0000FF^^0~515~-247^^0~M 518 -250 L 515 -253 L 512 -250",
          "LIB~575~-280~package`R0603`nameAlias`Value(Ω)`Supplier Part``Supplier``Contributor`LCEDA_Lib`spicePre`R`spiceSymbolName`R_0603_EU`Manufacturer Part``~90~0~ggeeab7b2fec63e526f~398691f1f785460098bbe5ee6590333c~bb009484ef804a24ac5d18c54b249586~0~~yes~yes~~1586862199~#@$T~N~586.14~-277.5~0~#000080~Arial~5.5pt~~~~comment~320Ω~1~start~gge26525~0~#@$T~P~585.31~-287.5~0~#000080~Arial~5.5pt~~~~comment~R4~1~start~gge26531~0~#@$R~570~-290~~~10~20~#880000~1~0~none~gge26537~0~#@$P~show~0~2~575~-300~90~gge26540~0^^575~-300^^M 575 -290 v -10~#880000^^0~575~-286~270~2~end~~~#0000FF^^0~571~-294~270~2~start~~~#0000FF^^0~575~-313^^0~M 572 -310 L 575 -307 L 578 -310#@$P~show~0~1~575~-260~270~gge26561~0^^575~-260^^M 575 -270 v 10~#880000^^0~575~-274~270~1~start~~~#0000FF^^0~571~-266~270~1~end~~~#0000FF^^0~575~-247^^0~M 578 -250 L 575 -253 L 572 -250",
          "W~390 -250 385 -250 385 -290 395 -300 515 -300~#008800~1~0~none~gge26707~0",
          "LIB~175~-315~package`PHOTODIODE_SFH205`description``Contributor`KiCAD`license`https://www.gnu.org/licenses/lgpl-2.1.html`spicePre`D`spiceSymbolName`SFH205F`Manufacturer Part``Package Display`No`Supplier``Supplier Part``Manufacturer``~270~0~ggeeab34d8fd8321d35~b2e54a5a47fa4f06a721d5210d66fbbf~ce8d00fc179744d6ae96e8431bd57271~0~~yes~yes~6fd25c4981b349eb8cdd55e33aabfb6f~1544617649~c2f0974ea63c4ab39bb02190fd9183a4#@$T~N~150.63~-322.5~0~#000080~Arial~5.5pt~~~~comment~TIL32~1~start~gge27628~0~#@$T~P~169.69~-332.5~0~#000080~Arial~5.5pt~~~~comment~D1~1~end~gge27634~0~#@$PG~175 -310 180 -320 185 -310~#880000~1~0~#880000~gge27640~0#@$P~show~~1~180~-330~90~gge27643~0^^180~-330^^M 180 -330 v 10~#880000^^0~184.25~-316~270~K~end~monospace~6.5pt~#0000FF^^0~179~-329~270~1~start~monospace~6.5pt~#0000FF^^0~180~-323^^0~M 177 -320 L 180 -317 L 183 -320#@$P~show~~2~180~-300~270~gge27664~0^^180~-300^^M 180 -300 v -10~#880000^^0~184.25~-314~270~A~start~monospace~6.5pt~#0000FF^^0~179~-301~270~2~end~monospace~6.5pt~#0000FF^^0~180~-307^^0~M 183 -310 L 180 -313 L 177 -310#@$PL~175 -320 185 -320~#880000~0.6~0~none~gge27685~0#@$PL~173 -318 173 -316~#880000~1~0~none~gge27688~0#@$PL~167 -312 173 -318 171 -318~#880000~1~0~none~gge27691~0#@$PL~167 -307 173 -313 171 -313 173 -313 173 -311~#880000~1~0~none~gge27694~0",
          "W~295 -250 190 -250~#008800~1~0~none~gge27928~0",
          "LIB~320~-255~package`CONN-TH_4P-P4.97_GX16-4PIN`Contributor`lcsc`Supplier`LCSC`Supplier Part`C9900024079`Manufacturer`null`Manufacturer Part`GX16-4PIN-H24`JLCPCB Part Class`Extended Part`link`https://lcsc.com/eda_search?q=C9900024079&%26type=1&ref=editor`spicePre`P`spiceSymbolName`GX16-4PIN-H24`~90~0~gge75303ba9715c1272~8205fa0000134286979c367986493d35~f52be2c296ea4812962c49e5d690d1ae~0~~yes~yes~83494ac499984db28b3d56d15d5489e6~1658201973~ffd1a4114dee4752ae19f22e93094e7b#@$T~N~303.2~-222.5~0~#000080~Arial~5.5pt~~~~comment~GX16-4P_FEMALE~1~start~gge27940~0~#@$T~P~304.72~-232.5~0~#000080~Arial~5.5pt~~~~comment~CON1~1~start~gge27946~0~#@$R~305~-270~2~2~30~25~#880000~1~0~none~gge27952~0~#@$P~show~0~1~295~-250~180~gge27955~0^^295~-250^^M 295 -250 h 10~#880000^^1~308.7~-246~0~1~start~~~#0000FF^^0~304.5~-251~0~1~end~~~#0000FF^^0~302~-250^^0~M 305 -247 L 308 -250 L 305 -253#@$P~show~0~2~295~-265~180~gge27976~0^^295~-265^^M 295 -265 h 10~#880000^^1~308.7~-261~0~2~start~~~#0000FF^^0~304.5~-266~0~2~end~~~#0000FF^^0~302~-265^^0~M 305 -262 L 308 -265 L 305 -268#@$P~show~0~3~345~-265~0~gge27997~0^^345~-265^^M 345 -265 h -10~#880000^^1~331.3~-261~0~3~end~~~#0000FF^^0~335.5~-266~0~3~start~~~#0000FF^^0~338~-265^^0~M 335 -268 L 332 -265 L 335 -262#@$P~show~0~4~345~-250~0~gge28018~0^^345~-250^^M 345 -250 h -10~#880000^^1~331.3~-246~0~4~end~~~#0000FF^^0~335.5~-251~0~4~start~~~#0000FF^^0~338~-250^^0~M 335 -253 L 332 -250 L 335 -247#@$A~M 316.02 -245.0005 A 4 4 0 1 1 323.98 -245.0005~~#880000~1~0~none~gge28039~0",
          "LIB~235~-320~package`PT17-21C-L41-TR8`description``Contributor`SparkFun`spicePre`Q`spiceSymbolName`PHOTOTRANSISTORPT17-21C-L41-TR8`Manufacturer Part``~180~0~ggef888586590ba9110~768b31ccb3f84a1385a7d7c2c10b40e1~4b7e7e742f274bafab24f609a85ee998~0~~yes~yes~a9ad51cfa33a46cf95c81e131592397d~1543273809~e3800acb37ac4fe4aeac43990b919fbd#@$T~N~210.63~-327.51~0~#000080~Arial~5.5pt~~~~comment~TIL78~1~start~gge28139~0~#@$T~P~229.27734375~-337.5~0~#000080~Arial~5.5pt~~~~comment~T1~1~end~gge28145~0~#@$PL~224 -313 230 -319~#880000~1~0~none~gge28151~0#@$PL~224 -318 229 -323~#880000~1~0~none~gge28154~0#@$PL~245 -310 237 -314~#880000~1~0~none~gge28157~0#@$PL~242 -326 245 -330~#880000~1~0~none~gge28160~0#@$PL~245 -330 240 -330~#880000~1~0~none~gge28163~0#@$PL~240 -330 242 -326~#880000~1~0~none~gge28166~0#@$PL~241 -328 236 -326~#880000~1~0~none~gge28169~0#@$PL~241 -329 244 -329~#880000~1~0~none~gge28172~0#@$PL~244 -329 242 -327~#880000~1~0~none~gge28175~0#@$PL~242 -327 241 -329~#880000~1~0~none~gge28178~0#@$PL~241 -329 242 -329~#880000~1~0~none~gge28181~0#@$PL~242 -329 242 -328~#880000~1~0~none~gge28184~0#@$R~234~-330~~~3~20~#880000~1~0~#880000~gge28187~0~#@$P~show~0~E~245~-340~90~gge28190~0^^245~-340^^M 245 -340 v 10~#880000^^0~248~-327~270~E~end~~~#0000FF^^0~244~-336~270~E~start~~~#0000FF^^0~245~-333^^0~M 242 -330 L 245 -327 L 248 -330#@$P~show~0~C~245~-300~270~gge28211~0^^245~-300^^M 245 -300 v -10~#880000^^0~248~-313~270~C~start~~~#0000FF^^0~244~-304~270~C~end~~~#0000FF^^0~245~-307^^0~M 248 -310 L 245 -313 L 242 -310",
          "LIB~715~-260~package`CONN-TH_4P-P4.97_GX16-4PIN`Contributor`lcsc`Supplier`LCSC`Supplier Part`C9900024079`Manufacturer`null`Manufacturer Part`GX16-4PIN-H24`JLCPCB Part Class`Extended Part`link`https://lcsc.com/eda_search?q=C9900024079&%26type=1&ref=editor`spicePre`P`spiceSymbolName`GX16-4PIN-H24`~270~0~gge03c47e27d1757d99~8205fa0000134286979c367986493d35~f52be2c296ea4812962c49e5d690d1ae~0~~yes~yes~83494ac499984db28b3d56d15d5489e6~1658201973~ffd1a4114dee4752ae19f22e93094e7b#@$T~N~699.88~-217.5~0~#000080~Arial~5.5pt~~~~comment~GX16-4P_MALE~1~start~gge29903~0~#@$T~P~699.72~-227.5~0~#000080~Arial~5.5pt~~~~comment~CON4~1~start~gge29909~0~#@$R~700~-275~2~2~30~25~#880000~1~0~none~gge29915~0~#@$P~show~0~1~740~-255~0~gge29918~0^^740~-255^^M 740 -255 h -10~#880000^^1~726.3~-251~0~1~end~~~#0000FF^^0~730.5~-256~0~1~start~~~#0000FF^^0~733~-255^^0~M 730 -258 L 727 -255 L 730 -252#@$P~show~0~2~740~-270~0~gge29939~0^^740~-270^^M 740 -270 h -10~#880000^^1~726.3~-266~0~2~end~~~#0000FF^^0~730.5~-271~0~2~start~~~#0000FF^^0~733~-270^^0~M 730 -273 L 727 -270 L 730 -267#@$P~show~0~3~690~-270~180~gge29960~0^^690~-270^^M 690 -270 h 10~#880000^^1~703.7~-266~0~3~start~~~#0000FF^^0~699.5~-271~0~3~end~~~#0000FF^^0~697~-270^^0~M 700 -267 L 703 -270 L 700 -273#@$P~show~0~4~690~-255~180~gge29981~0^^690~-255^^M 690 -255 h 10~#880000^^1~703.7~-251~0~4~start~~~#0000FF^^0~699.5~-256~0~4~end~~~#0000FF^^0~697~-255^^0~M 700 -252 L 703 -255 L 700 -258#@$A~M 718.98 -250.0005 A 4 4 0 1 0 711.02 -250.0005~~#880000~1~0~none~gge30002~0",
          "W~515 -260 515 -250~#008800~1~0~none~gge30432~0",
          "W~180 -260 185 -255 190 -250~#008800~1~0~none~gge30533~0",
          "W~245 -260 245 -250~#008800~1~0~none~gge30540~0",
          "W~780 -270 780 -340 790 -350~#008800~1~0~none~gge30566~0",
          "W~295 -265 200 -265 190 -275 190 -320 180 -330~#008800~1~0~none~gge30663~0",
          "W~245 -340 255 -330 255 -265~#008800~1~0~none~gge30669~0",
          "W~245 -300 335 -300 345 -290 345 -265~#008800~1~0~none~gge30684~0",
          "W~575 -330 560 -315 560 -270 555 -265 440 -265~#008800~1~0~none~gge32149~0",
          "W~515 -340 500 -325 500 -265~#008800~1~0~none~gge32152~0",
          "W~440 -250 565 -250 575 -260~#008800~1~0~none~gge32172~0",
          "W~600 -265 570 -265 560 -255 450 -255 440 -265~#008800~1~0~none~gge32189~0",
          "W~600 -250 595 -245 445 -245 440 -250~#008800~1~0~none~gge32259~0",
          "W~390 -265 390 -285 400 -295 640 -295 650 -285 650 -265~#008800~1~0~none~gge32274~0",
          "W~390 -250 400 -240 640 -240 650 -250~#008800~1~0~none~gge32283~0",
          "W~790 -265 790 -255~#008800~1~0~none~gge32326~0",
          "W~890 -250 745 -250 740 -255 825 -255 835 -265~#008800~1~0~none~gge32330~0",
          "W~890 -260 750 -260 740 -270 815 -270 825 -280 825 -335 835 -345~#008800~1~0~none~gge32347~0",
          "W~890 -280 870 -280 835 -245 700 -245 690 -255~#008800~1~0~none~gge32382~0",
          "W~690 -270 685 -265 685 -250 695 -240 845 -240 875 -270 890 -270~#008800~1~0~none~gge32385~0",
          "LIB~800~-330~package`PT17-21C-L41-TR8`description``Contributor`SparkFun`spicePre`Q`spiceSymbolName`PHOTOTRANSISTORPT17-21C-L41-TR8`Manufacturer Part``~180~0~gge170a2749d3da077a~768b31ccb3f84a1385a7d7c2c10b40e1~4b7e7e742f274bafab24f609a85ee998~0~~yes~yes~a9ad51cfa33a46cf95c81e131592397d~1543273809~e3800acb37ac4fe4aeac43990b919fbd#@$T~N~805.4~-337.82~0~#000080~Arial~5.5pt~~~~comment~TIL78~1~start~gge34020~0~#@$T~P~805.72265625~-347.5~0~#000080~Arial~5.5pt~~~~comment~T3~1~start~gge34026~0~#@$PL~811 -323 805 -329~#880000~1~0~none~gge34032~0#@$PL~811 -328 806 -333~#880000~1~0~none~gge34035~0#@$PL~790 -320 798 -324~#880000~1~0~none~gge34038~0#@$PL~793 -336 790 -340~#880000~1~0~none~gge34041~0#@$PL~790 -340 795 -340~#880000~1~0~none~gge34044~0#@$PL~795 -340 793 -336~#880000~1~0~none~gge34047~0#@$PL~794 -338 799 -336~#880000~1~0~none~gge34050~0#@$PL~794 -339 791 -339~#880000~1~0~none~gge34053~0#@$PL~791 -339 793 -337~#880000~1~0~none~gge34056~0#@$PL~793 -337 794 -339~#880000~1~0~none~gge34059~0#@$PL~794 -339 793 -339~#880000~1~0~none~gge34062~0#@$PL~793 -339 793 -338~#880000~1~0~none~gge34065~0#@$R~798~-340~~~3~20~#880000~1~0~#880000~gge34068~0~#@$P~show~0~E~790~-350~90~gge34071~0^^790~-350^^M 790 -350 v 10~#880000^^0~793~-337~270~E~end~~~#0000FF^^0~789~-346~270~E~start~~~#0000FF^^0~790~-343^^0~M 787 -340 L 790 -337 L 793 -340#@$P~show~0~C~790~-310~270~gge34092~0^^790~-310^^M 790 -310 v -10~#880000^^0~793~-323~270~C~start~~~#0000FF^^0~789~-314~270~C~end~~~#0000FF^^0~790~-317^^0~M 793 -320 L 790 -323 L 787 -320",
          "LIB~790~-285~package`R0603`nameAlias`Value(Ω)`Supplier Part``Supplier``Contributor`LCEDA_Lib`spicePre`R`spiceSymbolName`R_0603_EU`Manufacturer Part``~90~0~gge30f635d86a2070c7~398691f1f785460098bbe5ee6590333c~bb009484ef804a24ac5d18c54b249586~0~~yes~yes~~1586862199~#@$T~N~798.26~-283~0~#000080~Arial~5.5pt~~~~comment~10KΩ~1~start~gge34126~0~#@$T~P~800.31~-292.5~0~#000080~Arial~5.5pt~~~~comment~R5~1~start~gge34132~0~#@$R~785~-295~~~10~20~#880000~1~0~none~gge34138~0~#@$P~show~0~2~790~-305~90~gge34141~0^^790~-305^^M 790 -295 v -10~#880000^^0~790~-291~270~2~end~~~#0000FF^^0~786~-299~270~2~start~~~#0000FF^^0~790~-318^^0~M 787 -315 L 790 -312 L 793 -315#@$P~show~0~1~790~-265~270~gge34162~0^^790~-265^^M 790 -275 v 10~#880000^^0~790~-279~270~1~start~~~#0000FF^^0~786~-271~270~1~end~~~#0000FF^^0~790~-252^^0~M 793 -255 L 790 -258 L 787 -255",
          "LIB~835~-285~package`R0603`nameAlias`Value(Ω)`Supplier Part``Supplier``Contributor`LCEDA_Lib`spicePre`R`spiceSymbolName`R_0603_EU`Manufacturer Part``~90~0~ggeae116909b4450ba7~398691f1f785460098bbe5ee6590333c~bb009484ef804a24ac5d18c54b249586~0~~yes~yes~~1586862199~#@$T~N~846.14~-282.5~0~#000080~Arial~5.5pt~~~~comment~320Ω~1~start~gge34192~0~#@$T~P~854.69~-292.5~0~#000080~Arial~5.5pt~~~~comment~R6~1~end~gge34198~0~#@$R~830~-295~~~10~20~#880000~1~0~none~gge34204~0~#@$P~show~0~2~835~-305~90~gge34207~0^^835~-305^^M 835 -295 v -10~#880000^^0~835~-291~270~2~end~~~#0000FF^^0~831~-299~270~2~start~~~#0000FF^^0~835~-318^^0~M 832 -315 L 835 -312 L 838 -315#@$P~show~0~1~835~-265~270~gge34228~0^^835~-265^^M 835 -275 v 10~#880000^^0~835~-279~270~1~start~~~#0000FF^^0~831~-271~270~1~end~~~#0000FF^^0~835~-252^^0~M 838 -255 L 835 -258 L 832 -255",
          "W~835 -315 835 -305~#008800~1~0~none~gge34262~0",
          "W~790 -310 870 -310 890 -290~#008800~1~0~none~gge34276~0",
          "W~790 -310 790 -305~#008800~1~0~none~gge34283~0",
          "LIB~580~-315~package`PHOTODIODE_SFH205`description``Contributor`KiCAD`license`https://www.gnu.org/licenses/lgpl-2.1.html`spicePre`D`spiceSymbolName`SFH205F`Manufacturer Part``Package Display`No`Supplier``Supplier Part``Manufacturer``~270~0~gge2dd0e294b5fa95a5~b2e54a5a47fa4f06a721d5210d66fbbf~ce8d00fc179744d6ae96e8431bd57271~0~~yes~yes~6fd25c4981b349eb8cdd55e33aabfb6f~1544617649~c2f0974ea63c4ab39bb02190fd9183a4#@$T~N~604.27~-322.5~0~#000080~Arial~5.5pt~~~~comment~TIL32~1~end~gge36956~0~#@$T~P~585.21~-332.5~0~#000080~Arial~5.5pt~~~~comment~D2~1~start~gge36962~0~#@$PG~580 -310 575 -320 570 -310~#880000~1~0~#880000~gge36968~0#@$P~show~~1~575~-330~90~gge36971~0^^575~-330^^M 575 -330 v 10~#880000^^0~579.25~-316~270~K~end~monospace~6.5pt~#0000FF^^0~574~-329~270~1~start~monospace~6.5pt~#0000FF^^0~575~-323^^0~M 572 -320 L 575 -317 L 578 -320#@$P~show~~2~575~-300~270~gge36992~0^^575~-300^^M 575 -300 v -10~#880000^^0~579.25~-314~270~A~start~monospace~6.5pt~#0000FF^^0~574~-301~270~2~end~monospace~6.5pt~#0000FF^^0~575~-307^^0~M 578 -310 L 575 -313 L 572 -310#@$PL~580 -320 570 -320~#880000~0.6~0~none~gge37013~0#@$PL~582 -318 582 -316~#880000~1~0~none~gge37016~0#@$PL~588 -312 582 -318 584 -318~#880000~1~0~none~gge37019~0#@$PL~588 -307 582 -313 584 -313 582 -313 582 -311~#880000~1~0~none~gge37022~0",
          "LIB~525~-320~package`PT17-21C-L41-TR8`description``Contributor`SparkFun`spicePre`Q`spiceSymbolName`PHOTOTRANSISTORPT17-21C-L41-TR8`Manufacturer Part``~180~0~gge3f88efa6d8071043~768b31ccb3f84a1385a7d7c2c10b40e1~4b7e7e742f274bafab24f609a85ee998~0~~yes~yes~a9ad51cfa33a46cf95c81e131592397d~1543273809~e3800acb37ac4fe4aeac43990b919fbd#@$T~N~554.37~-327.51~0~#000080~Arial~5.5pt~~~~comment~TIL78~1~end~gge37031~0~#@$T~P~535.72~-337.5~0~#000080~Arial~5.5pt~~~~comment~T2~1~start~gge37037~0~#@$PL~536 -313 530 -319~#880000~1~0~none~gge37043~0#@$PL~536 -318 531 -323~#880000~1~0~none~gge37046~0#@$PL~515 -310 523 -314~#880000~1~0~none~gge37049~0#@$PL~518 -326 515 -330~#880000~1~0~none~gge37052~0#@$PL~515 -330 520 -330~#880000~1~0~none~gge37055~0#@$PL~520 -330 518 -326~#880000~1~0~none~gge37058~0#@$PL~519 -328 524 -326~#880000~1~0~none~gge37061~0#@$PL~519 -329 516 -329~#880000~1~0~none~gge37064~0#@$PL~516 -329 518 -327~#880000~1~0~none~gge37067~0#@$PL~518 -327 519 -329~#880000~1~0~none~gge37070~0#@$PL~519 -329 518 -329~#880000~1~0~none~gge37073~0#@$PL~518 -329 518 -328~#880000~1~0~none~gge37076~0#@$R~523~-330~~~3~20~#880000~1~0~#880000~gge37079~0~#@$P~show~0~E~515~-340~90~gge37082~0^^515~-340^^M 515 -340 v 10~#880000^^0~518~-327~270~E~end~~~#0000FF^^0~514~-336~270~E~start~~~#0000FF^^0~515~-333^^0~M 512 -330 L 515 -327 L 518 -330#@$P~show~0~C~515~-300~270~gge37103~0^^515~-300^^M 515 -300 v -10~#880000^^0~518~-313~270~C~start~~~#0000FF^^0~514~-304~270~C~end~~~#0000FF^^0~515~-307^^0~M 518 -310 L 515 -313 L 512 -310",
          "W~320 -445 280 -445 210 -445~#008800~1~0~none~gge37517~0",
          "W~320 -435 280 -435 210 -435~#008800~1~0~none~gge37520~0",
          "W~320 -415 280 -415 210 -415~#008800~1~0~none~gge37527~0",
          "W~320 -405 280 -405 210 -405~#008800~1~0~none~gge37530~0",
          "W~320 -425 280 -425 210 -425~#008800~1~0~none~gge37538~0",
          "LIB~350~-435~package`GX16-8`Manufacturer Part`GX16-5`Contributor`RafisF`Supplier Part``Supplier``spicePre`P`spiceSymbolName`GX16-5`~~0~gge801623d8df884b0b~a664c44135224d9baf7f21a8437aee59~8b24f33b87a64d669c645d934563c9c1~0~~yes~yes~~1559587804~#@$T~N~339.89~-372.51~0~#000080~Arial~5.5pt~~~~comment~GX16-5P_FEMALE~1~start~gge38251~0~#@$T~P~339.72~-382.5~0~#000080~Arial~5.5pt~~~~comment~CON7~1~start~gge38257~0~#@$R~340~-455~~~20~60~#880000~1~0~none~gge38263~0~#@$P~show~0~1~320~-405~180~gge38266~0^^320~-405^^M 320 -405 h 20~#880000^^1~342~-402~0~1~start~~~#0000FF^^1~335~-406~0~1~end~~~#0000FF^^0~337~-405^^0~M 340 -402 L 343 -405 L 340 -408#@$P~show~0~2~320~-415~180~gge38287~0^^320~-415^^M 320 -415 h 20~#880000^^1~342~-412~0~2~start~~~#0000FF^^1~335~-416~0~2~end~~~#0000FF^^0~337~-415^^0~M 340 -412 L 343 -415 L 340 -418#@$P~show~0~3~320~-425~180~gge38308~0^^320~-425^^M 320 -425 h 20~#880000^^1~342~-422~0~3~start~~~#0000FF^^1~335~-426~0~3~end~~~#0000FF^^0~337~-425^^0~M 340 -422 L 343 -425 L 340 -428#@$P~show~0~4~320~-435~180~gge38329~0^^320~-435^^M 320 -435 h 20~#880000^^1~342~-432~0~4~start~~~#0000FF^^1~335~-436~0~4~end~~~#0000FF^^0~337~-435^^0~M 340 -432 L 343 -435 L 340 -438#@$P~show~0~5~320~-445~180~gge38350~0^^320~-445^^M 320 -445 h 20~#880000^^1~342~-442~0~5~start~~~#0000FF^^1~335~-446~0~5~end~~~#0000FF^^0~337~-445^^0~M 340 -442 L 343 -445 L 340 -448",
          "LIB~475~-420~package`GX16-8`Manufacturer Part`GX16-5`Contributor`RafisF`Supplier Part``Supplier``spicePre`P`spiceSymbolName`GX16-5`~~0~gge16393b21fec34588~a664c44135224d9baf7f21a8437aee59~8b24f33b87a64d669c645d934563c9c1~0~~yes~yes~~1559587804~#@$T~N~464.98~-377.51~0~#000080~Arial~5.5pt~~~~comment~GX16-5P_MALE~1~start~gge38380~0~#@$T~P~464.81~-387.5~0~#000080~Arial~5.5pt~~~~comment~CON8~1~start~gge38386~0~#@$R~465~-460~~~20~60~#880000~1~0~none~gge38392~0~#@$P~show~0~1~505~-450~0~gge38395~0^^505~-450^^M 505 -450 h -20~#880000^^1~483~-447~0~1~end~~~#0000FF^^1~490~-451~0~1~start~~~#0000FF^^0~488~-450^^0~M 485 -453 L 482 -450 L 485 -447#@$P~show~0~2~505~-440~0~gge38416~0^^505~-440^^M 505 -440 h -20~#880000^^1~483~-437~0~2~end~~~#0000FF^^1~490~-441~0~2~start~~~#0000FF^^0~488~-440^^0~M 485 -443 L 482 -440 L 485 -437#@$P~show~0~3~505~-430~0~gge38437~0^^505~-430^^M 505 -430 h -20~#880000^^1~483~-427~0~3~end~~~#0000FF^^1~490~-431~0~3~start~~~#0000FF^^0~488~-430^^0~M 485 -433 L 482 -430 L 485 -427#@$P~show~0~4~505~-420~0~gge38458~0^^505~-420^^M 505 -420 h -20~#880000^^1~483~-417~0~4~end~~~#0000FF^^1~490~-421~0~4~start~~~#0000FF^^0~488~-420^^0~M 485 -423 L 482 -420 L 485 -417#@$P~show~0~5~505~-410~0~gge38479~0^^505~-410^^M 505 -410 h -20~#880000^^1~483~-407~0~5~end~~~#0000FF^^1~490~-411~0~5~start~~~#0000FF^^0~488~-410^^0~M 485 -413 L 482 -410 L 485 -407",
          "LIB~515~-490~package`DF ROBOT LCD KEYPAD SHIELD`Manufacturer``Manufacturer Part``Supplier Part``Supplier``link``Contributor`hashnol`spicePre`S`spiceSymbolName`LCD Keypad Shield D1 Robot`~~0~ggec2332ff188bc18c8~e84df349cae94f768af0e87a248c731f~bb39386f9e5a46bea1e7f5858721864a~0~~yes~yes~~1622883426~#@$T~N~737~-513~0~#000080~Arial~~~~~comment~LCD Keypad Shield D1 Robot~0~start~gge39725~0~#@$T~P~737~-522~0~#000080~Arial~~~~~comment~SHIELD1~1~start~gge38507~0~#@$P~show~0~1~715~-580~90~gge38513~0^^715~-580^^M 715 -580 v 20~#880000^^1~718~-558~270~1~end~~~#0000FF^^0~714~-565~270~1~start~~~#0000FF^^0~715~-563^^0~M 712 -560 L 715 -557 L 718 -560#@$P~show~0~2~705~-580~90~gge38534~0^^705~-580^^M 705 -580 v 20~#880000^^1~708~-558~270~2~end~~~#0000FF^^0~704~-565~270~2~start~~~#0000FF^^0~705~-563^^0~M 702 -560 L 705 -557 L 708 -560#@$P~show~0~3~695~-580~90~gge38555~0^^695~-580^^M 695 -580 v 20~#880000^^1~698~-558~270~3~end~~~#0000FF^^0~694~-565~270~3~start~~~#0000FF^^0~695~-563^^0~M 692 -560 L 695 -557 L 698 -560#@$P~show~0~4~685~-580~90~gge38576~0^^685~-580^^M 685 -580 v 20~#880000^^1~688~-558~270~4~end~~~#0000FF^^0~684~-565~270~4~start~~~#0000FF^^0~685~-563^^0~M 682 -560 L 685 -557 L 688 -560#@$P~show~0~5~675~-580~90~gge38597~0^^675~-580^^M 675 -580 v 20~#880000^^1~678~-558~270~5~end~~~#0000FF^^0~674~-565~270~5~start~~~#0000FF^^0~675~-563^^0~M 672 -560 L 675 -557 L 678 -560#@$P~show~0~6~665~-580~90~gge38618~0^^665~-580^^M 665 -580 v 20~#880000^^1~668~-558~270~6~end~~~#0000FF^^0~664~-565~270~6~start~~~#0000FF^^0~665~-563^^0~M 662 -560 L 665 -557 L 668 -560#@$P~show~0~7~655~-580~90~gge38639~0^^655~-580^^M 655 -580 v 20~#880000^^1~658~-558~270~7~end~~~#0000FF^^0~654~-565~270~7~start~~~#0000FF^^0~655~-563^^0~M 652 -560 L 655 -557 L 658 -560#@$P~show~0~8~635~-580~90~gge38660~0^^635~-580^^M 635 -580 v 20~#880000^^1~638~-558~270~8~end~~~#0000FF^^0~634~-565~270~8~start~~~#0000FF^^0~635~-563^^0~M 632 -560 L 635 -557 L 638 -560#@$P~show~0~9~625~-580~90~gge38681~0^^625~-580^^M 625 -580 v 20~#880000^^1~628~-558~270~9~end~~~#0000FF^^0~624~-565~270~9~start~~~#0000FF^^0~625~-563^^0~M 622 -560 L 625 -557 L 628 -560#@$P~show~0~10~615~-580~90~gge38702~0^^615~-580^^M 615 -580 v 20~#880000^^1~618~-558~270~10~end~~~#0000FF^^0~614~-565~270~10~start~~~#0000FF^^0~615~-563^^0~M 612 -560 L 615 -557 L 618 -560#@$P~show~0~11~605~-580~90~gge38723~0^^605~-580^^M 605 -580 v 20~#880000^^1~608~-558~270~11~end~~~#0000FF^^0~604~-565~270~11~start~~~#0000FF^^0~605~-563^^0~M 602 -560 L 605 -557 L 608 -560#@$P~show~0~12~595~-580~90~gge38744~0^^595~-580^^M 595 -580 v 20~#880000^^1~598~-558~270~12~end~~~#0000FF^^0~594~-565~270~12~start~~~#0000FF^^0~595~-563^^0~M 592 -560 L 595 -557 L 598 -560#@$P~show~0~13~585~-580~90~gge38765~0^^585~-580^^M 585 -580 v 20~#880000^^1~588~-558~270~13~end~~~#0000FF^^0~584~-565~270~13~start~~~#0000FF^^0~585~-563^^0~M 582 -560 L 585 -557 L 588 -560#@$P~show~0~14~575~-580~90~gge38786~0^^575~-580^^M 575 -580 v 20~#880000^^1~578~-558~270~14~end~~~#0000FF^^0~574~-565~270~14~start~~~#0000FF^^0~575~-563^^0~M 572 -560 L 575 -557 L 578 -560#@$P~show~0~15~565~-580~90~gge38807~0^^565~-580^^M 565 -580 v 20~#880000^^1~568~-558~270~15~end~~~#0000FF^^0~564~-565~270~15~start~~~#0000FF^^0~565~-563^^0~M 562 -560 L 565 -557 L 568 -560#@$P~show~0~16~605~-470~270~gge38828~0^^605~-470^^M 605 -470 v -20~#880000^^1~608~-492~270~RST~start~~~#0000FF^^0~604~-485~270~16~end~~~#0000FF^^0~605~-487^^0~M 608 -490 L 605 -493 L 602 -490#@$P~show~0~17~615~-470~270~gge38849~0^^615~-470^^M 615 -470 v -20~#880000^^1~618~-492~270~3V3~start~~~#0000FF^^0~614~-485~270~17~end~~~#0000FF^^0~615~-487^^0~M 618 -490 L 615 -493 L 612 -490#@$P~show~0~18~625~-470~270~gge38870~0^^625~-470^^M 625 -470 v -20~#880000^^1~628~-492~270~5V~start~~~#0000FF^^0~624~-485~270~18~end~~~#0000FF^^0~625~-487^^0~M 628 -490 L 625 -493 L 622 -490#@$P~show~0~19~635~-470~270~gge38891~0^^635~-470^^M 635 -470 v -20~#880000^^1~638~-492~270~GND~start~~~#0000FF^^0~634~-485~270~19~end~~~#0000FF^^0~635~-487^^0~M 638 -490 L 635 -493 L 632 -490#@$P~show~0~20~645~-470~270~gge38912~0^^645~-470^^M 645 -470 v -20~#880000^^1~648~-492~270~GND~start~~~#0000FF^^0~644~-485~270~20~end~~~#0000FF^^0~645~-487^^0~M 648 -490 L 645 -493 L 642 -490#@$P~show~0~21~655~-470~270~gge38933~0^^655~-470^^M 655 -470 v -20~#880000^^1~658~-492~270~VIN~start~~~#0000FF^^0~654~-485~270~21~end~~~#0000FF^^0~655~-487^^0~M 658 -490 L 655 -493 L 652 -490#@$P~show~0~A0~675~-470~270~gge38954~0^^675~-470^^M 675 -470 v -20~#880000^^1~678~-492~270~A0~start~~~#0000FF^^0~674~-485~270~A0~end~~~#0000FF^^0~675~-487^^0~M 678 -490 L 675 -493 L 672 -490#@$P~show~0~A1~685~-470~270~gge38975~0^^685~-470^^M 685 -470 v -20~#880000^^1~688~-492~270~A1~start~~~#0000FF^^0~684~-485~270~A1~end~~~#0000FF^^0~685~-487^^0~M 688 -490 L 685 -493 L 682 -490#@$P~show~0~A2~695~-470~270~gge38996~0^^695~-470^^M 695 -470 v -20~#880000^^1~698~-492~270~A2~start~~~#0000FF^^0~694~-485~270~A2~end~~~#0000FF^^0~695~-487^^0~M 698 -490 L 695 -493 L 692 -490#@$P~show~0~A3~705~-470~270~gge39017~0^^705~-470^^M 705 -470 v -20~#880000^^1~708~-492~270~A3~start~~~#0000FF^^0~704~-485~270~A3~end~~~#0000FF^^0~705~-487^^0~M 708 -490 L 705 -493 L 702 -490#@$P~show~0~A4~715~-470~270~gge39038~0^^715~-470^^M 715 -470 v -20~#880000^^1~718~-492~270~A4~start~~~#0000FF^^0~714~-485~270~A4~end~~~#0000FF^^0~715~-487^^0~M 718 -490 L 715 -493 L 712 -490#@$P~show~0~A5~725~-470~270~gge39059~0^^725~-470^^M 725 -470 v -20~#880000^^1~728~-492~270~A5~start~~~#0000FF^^0~724~-485~270~A5~end~~~#0000FF^^0~725~-487^^0~M 728 -490 L 725 -493 L 722 -490#@$P~show~0~0~725~-580~90~gge39080~0^^725~-580^^M 725 -580 v 20~#880000^^1~728~-558~270~0~end~~~#0000FF^^0~724~-565~270~0~start~~~#0000FF^^0~725~-563^^0~M 722 -560 L 725 -557 L 728 -560#@$R~515~-560~5~5~220~70~#880000~1~0~none~gge39101~0~#@$T~L~550~-520~0~#0000FF~Arial~9pt~~~~comment~LCD Keypad Shield D1 Robot~1~start~gge39104~0~pinpart",
          "W~505 -450 615 -450 625 -470~#008800~1~0~none~gge39730~0",
          "W~505 -440 620 -440 635 -470~#008800~1~0~none~gge39733~0",
          "W~505 -430 675 -430 685 -440 685 -470~#008800~1~0~none~gge39736~0",
          "W~505 -420 685 -420 695 -430 695 -470~#008800~1~0~none~gge39739~0",
          "W~505 -410 695 -410 705 -420 705 -470~#008800~1~0~none~gge39745~0",
          "LIB~860~-540~package`SG90-SERVO`Manufacturer``Manufacturer Part``Supplier Part``Supplier``link``Contributor`Lecosmicpotato`spicePre`U`spiceSymbolName`SG90-SERVO`~~0~gge065f4bc051905bcc~7902ed0f74774a72acbd0c1fd3d031b2~ee394b16fe4742d19b9a89138a39b151~0~~yes~yes~f6f4b9ee640644dc94c6bd71e034b163~1669129632~#@$T~N~860.2734375~-546~0~#000080~Arial~~~~~comment~SG90-SERVO~1~start~gge40111~0~#@$T~P~860.2734375~-555~0~#000080~Arial~~~~~comment~U1~1~start~gge40117~0~#@$P~show~0~1~840~-530~180~gge40123~0^^840~-530^^M 840 -530 h 20~#880000^^1~862~-527~0~PWM~start~~~#0000FF^^1~855~-531~0~1~end~~~#0000FF^^0~857~-530^^0~M 860 -527 L 863 -530 L 860 -533#@$P~show~0~2~840~-510~180~gge40144~0^^840~-510^^M 840 -510 h 20~#880000^^1~862~-507~0~+5V~start~~~#0000FF^^1~855~-511~0~2~end~~~#0000FF^^0~857~-510^^0~M 860 -507 L 863 -510 L 860 -513#@$P~show~0~3~840~-490~180~gge40165~0^^840~-490^^M 840 -490 h 20~#880000^^1~862~-487~0~GND~start~~~#0000FF^^1~855~-491~0~3~end~~~#0000FF^^0~857~-490^^0~M 860 -487 L 863 -490 L 860 -493#@$R~860~-540~~~50~60~#880000~1~0~none~gge40186~0~",
          "W~715 -470 715 -465 805 -465 820 -480 820 -530 840 -530~#008800~1~0~none~gge40309~0",
          "W~840 -510 830 -510 830 -470 815 -455 633 -455 625 -470~#008800~1~0~none~gge40313~0",
          "W~840 -490 840 -455 830 -445 648 -445 635 -470~#008800~1~0~none~gge40323~0",
          "LIB~840~-330~package`PHOTODIODE_SFH205`description``Contributor`KiCAD`license`https://www.gnu.org/licenses/lgpl-2.1.html`spicePre`D`spiceSymbolName`SFH205F`Manufacturer Part``Package Display`No`Supplier``Supplier Part``Manufacturer``~270~0~gge07db2bf2e64d70de~b2e54a5a47fa4f06a721d5210d66fbbf~ce8d00fc179744d6ae96e8431bd57271~0~~yes~yes~6fd25c4981b349eb8cdd55e33aabfb6f~1544617649~c2f0974ea63c4ab39bb02190fd9183a4#@$T~N~864.27~-337.5~0~#000080~Arial~5.5pt~~~~comment~TIL32~1~end~gge40822~0~#@$T~P~845.21~-347.5~0~#000080~Arial~5.5pt~~~~comment~D3~1~start~gge40828~0~#@$PG~840 -325 835 -335 830 -325~#880000~1~0~#880000~gge40834~0#@$P~show~~1~835~-345~90~gge40837~0^^835~-345^^M 835 -345 v 10~#880000^^0~839.25~-331~270~K~end~monospace~6.5pt~#0000FF^^0~834~-344~270~1~start~monospace~6.5pt~#0000FF^^0~835~-338^^0~M 832 -335 L 835 -332 L 838 -335#@$P~show~~2~835~-315~270~gge40858~0^^835~-315^^M 835 -315 v -10~#880000^^0~839.25~-329~270~A~start~monospace~6.5pt~#0000FF^^0~834~-316~270~2~end~monospace~6.5pt~#0000FF^^0~835~-322^^0~M 838 -325 L 835 -328 L 832 -325#@$PL~840 -335 830 -335~#880000~0.6~0~none~gge40879~0#@$PL~842 -333 842 -331~#880000~1~0~none~gge40882~0#@$PL~848 -327 842 -333 844 -333~#880000~1~0~none~gge40885~0#@$PL~848 -322 842 -328 844 -328 842 -328 842 -326~#880000~1~0~none~gge40888~0",
          "LIB~180~-280~package`R0603`nameAlias`Value(Ω)`Supplier Part``Supplier``Contributor`LCEDA_Lib`spicePre`R`spiceSymbolName`R_0603_EU`Manufacturer Part``~90~0~gge78ad7d38f3077129~398691f1f785460098bbe5ee6590333c~bb009484ef804a24ac5d18c54b249586~0~~yes~yes~~1586862199~#@$T~N~190.73~-277.5~0~#000080~Arial~5.5pt~~~~comment~10KΩ~1~start~gge40918~0~#@$T~P~190.31~-287.5~0~#000080~Arial~5.5pt~~~~comment~R1~1~start~gge40924~0~#@$R~175~-290~~~10~20~#880000~1~0~none~gge40930~0~#@$P~show~0~2~180~-300~90~gge40933~0^^180~-300^^M 180 -290 v -10~#880000^^0~180~-286~270~2~end~~~#0000FF^^0~176~-294~270~2~start~~~#0000FF^^0~180~-313^^0~M 177 -310 L 180 -307 L 183 -310#@$P~show~0~1~180~-260~270~gge40954~0^^180~-260^^M 180 -270 v 10~#880000^^0~180~-274~270~1~start~~~#0000FF^^0~176~-266~270~1~end~~~#0000FF^^0~180~-247^^0~M 183 -250 L 180 -253 L 177 -250",
          "LIB~245~-280~package`R0603`nameAlias`Value(Ω)`Supplier Part``Supplier``Contributor`LCEDA_Lib`spicePre`R`spiceSymbolName`R_0603_EU`Manufacturer Part``~90~0~gge4a8fc805deb88f0e~398691f1f785460098bbe5ee6590333c~bb009484ef804a24ac5d18c54b249586~0~~yes~yes~~1586862199~#@$T~N~256.14~-277.5~0~#000080~Arial~5.5pt~~~~comment~320Ω~1~start~gge40981~0~#@$T~P~255.31~-287.5~0~#000080~Arial~5.5pt~~~~comment~R2~1~start~gge40987~0~#@$R~240~-290~~~10~20~#880000~1~0~none~gge40993~0~#@$P~show~0~2~245~-300~90~gge40996~0^^245~-300^^M 245 -290 v -10~#880000^^0~245~-286~270~2~end~~~#0000FF^^0~241~-294~270~2~start~~~#0000FF^^0~245~-313^^0~M 242 -310 L 245 -307 L 248 -310#@$P~show~0~1~245~-260~270~gge41017~0^^245~-260^^M 245 -270 v 10~#880000^^0~245~-274~270~1~start~~~#0000FF^^0~241~-266~270~1~end~~~#0000FF^^0~245~-247^^0~M 248 -250 L 245 -253 L 242 -250",
          "LIB~920~-280~package`GX16-8`Manufacturer Part`GX16-5`Contributor`RafisF`Supplier Part``Supplier``spicePre`P`spiceSymbolName`GX16-5`~~0~gge6f3514d75b9ba4c7~a664c44135224d9baf7f21a8437aee59~8b24f33b87a64d669c645d934563c9c1~0~~yes~yes~~1559587804~#@$T~N~909.89~-217.51~0~#000080~Arial~5.5pt~~~~comment~GX16-5P_FEMALE~1~start~gge41310~0~#@$T~P~909.72~-227.5~0~#000080~Arial~5.5pt~~~~comment~CON5~1~start~gge41316~0~#@$R~910~-300~~~20~60~#880000~1~0~none~gge41322~0~#@$P~show~0~1~890~-250~180~gge41325~0^^890~-250^^M 890 -250 h 20~#880000^^1~912~-247~0~1~start~~~#0000FF^^1~905~-251~0~1~end~~~#0000FF^^0~907~-250^^0~M 910 -247 L 913 -250 L 910 -253#@$P~show~0~2~890~-260~180~gge41346~0^^890~-260^^M 890 -260 h 20~#880000^^1~912~-257~0~2~start~~~#0000FF^^1~905~-261~0~2~end~~~#0000FF^^0~907~-260^^0~M 910 -257 L 913 -260 L 910 -263#@$P~show~0~3~890~-270~180~gge41367~0^^890~-270^^M 890 -270 h 20~#880000^^1~912~-267~0~3~start~~~#0000FF^^1~905~-271~0~3~end~~~#0000FF^^0~907~-270^^0~M 910 -267 L 913 -270 L 910 -273#@$P~show~0~4~890~-280~180~gge41388~0^^890~-280^^M 890 -280 h 20~#880000^^1~912~-277~0~4~start~~~#0000FF^^1~905~-281~0~4~end~~~#0000FF^^0~907~-280^^0~M 910 -277 L 913 -280 L 910 -283#@$P~show~0~5~890~-290~180~gge41409~0^^890~-290^^M 890 -290 h 20~#880000^^1~912~-287~0~5~start~~~#0000FF^^1~905~-291~0~5~end~~~#0000FF^^0~907~-290^^0~M 910 -287 L 913 -290 L 910 -293",
          "LIB~180~-435~package`GX16-8`Manufacturer Part`GX16-5`Contributor`RafisF`Supplier Part``Supplier``spicePre`P`spiceSymbolName`GX16-5`~180~0~gge145b5928d85f6353~a664c44135224d9baf7f21a8437aee59~8b24f33b87a64d669c645d934563c9c1~0~~yes~yes~~1559587804~#@$T~N~226.83~-372.5~0~#000080~Arial~5.5pt~~~~comment~GX16-5P_MALE~1~end~gge41439~0~#@$T~P~193.57~-381.5~0~#000080~Arial~5.5pt~~~~comment~CON6~1~end~gge41445~0~#@$R~170~-455~~~20~60~#880000~1~0~none~gge41451~0~#@$P~show~0~1~210~-405~0~gge41454~0^^210~-405^^M 210 -405 h -20~#880000^^1~188~-402~0~1~end~~~#0000FF^^1~195~-406~0~1~start~~~#0000FF^^0~193~-405^^0~M 190 -408 L 187 -405 L 190 -402#@$P~show~0~2~210~-415~0~gge41475~0^^210~-415^^M 210 -415 h -20~#880000^^1~188~-412~0~2~end~~~#0000FF^^1~195~-416~0~2~start~~~#0000FF^^0~193~-415^^0~M 190 -418 L 187 -415 L 190 -412#@$P~show~0~3~210~-425~0~gge41496~0^^210~-425^^M 210 -425 h -20~#880000^^1~188~-422~0~3~end~~~#0000FF^^1~195~-426~0~3~start~~~#0000FF^^0~193~-425^^0~M 190 -428 L 187 -425 L 190 -422#@$P~show~0~4~210~-435~0~gge41517~0^^210~-435^^M 210 -435 h -20~#880000^^1~188~-432~0~4~end~~~#0000FF^^1~195~-436~0~4~start~~~#0000FF^^0~193~-435^^0~M 190 -438 L 187 -435 L 190 -432#@$P~show~0~5~210~-445~0~gge41538~0^^210~-445^^M 210 -445 h -20~#880000^^1~188~-442~0~5~end~~~#0000FF^^1~195~-446~0~5~start~~~#0000FF^^0~193~-445^^0~M 190 -448 L 187 -445 L 190 -442",
          "LIB~625~-255~package`CONN-TH_4P-P4.97_GX16-4PIN`Contributor`lcsc`Supplier`LCSC`Supplier Part`C9900024079`Manufacturer`null`Manufacturer Part`GX16-4PIN-H24`JLCPCB Part Class`Extended Part`link`https://lcsc.com/eda_search?q=C9900024079&%26type=1&ref=editor`spicePre`P`spiceSymbolName`GX16-4PIN-H24`~90~0~ggea1f68b0d2aa3d698~8205fa0000134286979c367986493d35~f52be2c296ea4812962c49e5d690d1ae~0~~yes~yes~83494ac499984db28b3d56d15d5489e6~1658201973~ffd1a4114dee4752ae19f22e93094e7b#@$T~N~608.2~-222.5~0~#000080~Arial~5.5pt~~~~comment~GX16-4P_FEMALE~1~start~gge41578~0~#@$T~P~609.72~-232.5~0~#000080~Arial~5.5pt~~~~comment~CON3~1~start~gge41584~0~#@$R~610~-270~2~2~30~25~#880000~1~0~none~gge41590~0~#@$P~show~0~1~600~-250~180~gge41593~0^^600~-250^^M 600 -250 h 10~#880000^^1~613.7~-246~0~1~start~~~#0000FF^^0~609.5~-251~0~1~end~~~#0000FF^^0~607~-250^^0~M 610 -247 L 613 -250 L 610 -253#@$P~show~0~2~600~-265~180~gge41614~0^^600~-265^^M 600 -265 h 10~#880000^^1~613.7~-261~0~2~start~~~#0000FF^^0~609.5~-266~0~2~end~~~#0000FF^^0~607~-265^^0~M 610 -262 L 613 -265 L 610 -268#@$P~show~0~3~650~-265~0~gge41635~0^^650~-265^^M 650 -265 h -10~#880000^^1~636.3~-261~0~3~end~~~#0000FF^^0~640.5~-266~0~3~start~~~#0000FF^^0~643~-265^^0~M 640 -268 L 637 -265 L 640 -262#@$P~show~0~4~650~-250~0~gge41656~0^^650~-250^^M 650 -250 h -10~#880000^^1~636.3~-246~0~4~end~~~#0000FF^^0~640.5~-251~0~4~start~~~#0000FF^^0~643~-250^^0~M 640 -253 L 637 -250 L 640 -247#@$A~M 621.02 -245.0005 A 4 4 0 1 1 628.98 -245.0005~~#880000~1~0~none~gge41677~0",
          "J~245~-250~2.5~#CC0000~gge30607~0",
          "J~255~-265~2.5~#CC0000~gge30691~0",
          "J~500~-265~2.5~#CC0000~gge32154~0",
          "J~515~-250~2.5~#CC0000~gge33956~0",
          "J~780~-270~2.5~#CC0000~gge33965~0",
          "J~790~-255~2.5~#CC0000~gge33973~0",
          "J~740~-255~2.5~#CC0000~gge33977~0",
          "J~740~-270~2.5~#CC0000~gge33981~0",
          "J~790~-310~2.5~#CC0000~gge34284~0",
          "J~390~-250~2.5~#CC0000~gge32286~0",
          "J~440~-265~2.5~#CC0000~gge32190~0",
          "J~515~-300~2.5~#CC0000~gge37122~0",
          "J~440~-250~2.5~#CC0000~gge33908~0",
          "J~625~-470~2.5~#CC0000~gge40314~0",
          "J~635~-470~2.5~#CC0000~gge40324~0",
          "J~245~-300~2.5~#CC0000~gge41036~0"
        ],
        "BBox": {
          "x": -10,
          "y": -795.4,
          "width": 1149,
          "height": 807.2
        },
        "colors": {
          "background": "#CCCCCC",
          "grid": "#CCCCCC",
          "select": "#FF0000",
          "wire": "#008800",
          "bus": "#008800",
          "busEntry": "#008800",
          "netLabel": "#0000FF",
          "netFlag": "#000000",
          "noConnect": "#33CC33",
          "voltageProbe": "#0000FF",
          "text": "#0000FF",
          "pin": "#880000",
          "pinName": "#0000FF",
          "pinNumber": "#0000FF",
          "partGraphics": "#880000",
          "partGraphicsPrefix": "#000080",
          "partGraphicsName": "#000080",
          "sheet": "#880000",
          "draw": "#000000",
          "drawFill": "#880000",
          "arrow": "#333333",
          "junction": "#CC0000"
        }
      }
    }
  ],
  "docType": 5,
  "title": "AEMF-01",
  "name": "AEMF-01"
}
